GCSE_Maths,GCSE_English,Attendance_Percent,SEN_Status,FSM_Eligible,School_Exclusions,Parent_Employment_Status,Household_Income,Region,Postcode_Deprivation_Index,NEET_Risk
7,8,93.16117436057333,0,0,0,Employed,14431.783332651245,London,6,0
4,7,71.91951478441581,1,0,0,Employed,21479.309757978983,West Midlands,4,1
8,8,67.57175668266424,0,0,0,Employed,29720.139359933823,West Midlands,2,1
5,6,84.95038015959962,1,0,0,Unemployed,31091.98384788069,North West,8,1
7,9,81.10403393141208,1,0,1,Employed,15543.871620335494,London,6,1
3,5,90.53833331781546,0,0,0,Unemployed,30795.365637860636,West Midlands,3,1
7,3,95.91551424313997,0,1,0,Part-time,26332.056323478242,North West,7,1
8,3,90.33014079151138,1,0,0,Employed,17966.36244438946,West Midlands,10,1
5,1,95.11903311826745,0,0,0,Part-time,14326.493183816012,North West,7,1
4,8,88.21052333332165,0,1,0,Employed,26838.585239234602,North West,6,1
8,2,89.94595748321099,1,1,0,Employed,35316.505793323566,South East,2,1
8,3,83.8334279016773,0,0,0,Employed,25284.179446223658,South East,8,1
3,8,89.65045461015183,0,0,0,Employed,17520.63320475011,London,1,1
6,8,86.66652828563514,0,0,0,Employed,10055.821703364587,South East,1,1
5,4,88.25176796529064,0,0,0,Employed,37235.92677510887,North West,6,1
2,4,83.3327596691316,0,0,0,Unemployed,33334.8048825581,West Midlands,5,1
8,5,93.08929200471297,0,0,0,Part-time,27416.61479017281,West Midlands,9,0
6,6,77.89547450165048,0,0,1,Unemployed,36823.95173812369,London,7,1
2,5,84.81650979095893,0,0,1,Employed,26791.352798028754,South East,2,1
5,7,98.11783900207575,0,0,0,Unemployed,20751.704395058536,London,7,0
1,2,75.51278177078875,0,0,1,Unemployed,29441.05796040168,North West,3,1
6,7,63.38154538247369,0,0,1,Unemployed,18362.194589857667,South East,1,1
9,7,88.66457166297972,0,0,0,Unemployed,17034.817457174555,London,8,0
1,1,82.43045509646501,0,0,1,Part-time,31172.85687685815,West Midlands,3,1
3,7,95.10862240371839,0,0,0,Employed,31846.070140512657,West Midlands,8,0
7,5,83.69484920103007,0,0,0,Unemployed,14810.093756100725,London,7,1
4,3,78.95660928436688,1,0,1,Employed,15105.61854046515,London,2,1
9,3,84.24182604181787,0,0,0,Part-time,21439.60245093591,London,1,1
3,4,95.93068586613211,0,0,1,Employed,19309.5613345627,North West,7,1
5,2,90.75369627192376,0,1,0,Employed,28811.91010532295,North West,1,1
3,2,60.66097743451965,0,1,0,Employed,25384.39870212472,West Midlands,6,1
7,1,86.85767492086771,0,0,0,Unemployed,34319.25006109284,North West,10,1
5,5,87.35762132401405,0,0,0,Employed,27538.061801871867,North West,10,1
9,4,84.81750034799481,0,0,0,Employed,19843.385362626577,South East,8,1
7,2,78.8911010843141,0,0,0,Part-time,10000.0,North West,7,1
2,3,96.94531874506444,0,0,0,Part-time,26435.647874217415,South East,4,1
4,7,97.44033948134862,0,1,0,Employed,11317.375118109781,North West,1,1
9,7,62.96839539174138,0,0,0,Employed,19744.358104633313,West Midlands,1,1
2,4,77.02040522258555,0,0,0,Unemployed,19226.185775226597,London,4,1
9,5,83.5526934871428,0,1,1,Part-time,20932.58308093255,West Midlands,5,1
5,5,94.4850820371667,0,1,0,Employed,14471.725920585139,North West,7,1
2,6,85.34852876391766,0,1,1,Unemployed,19197.7871351204,London,4,1
4,9,78.16406199835076,0,0,0,Employed,34167.2366276144,London,10,1
7,2,92.09533577307374,0,0,1,Unemployed,34145.18790059946,London,1,1
8,5,82.88663914449008,0,0,1,Unemployed,37259.998203727766,South East,10,1
3,3,83.8259914084504,0,0,1,Employed,25081.172205950195,West Midlands,7,1
1,4,84.72841566595923,0,0,0,Employed,27169.75303118597,South East,2,1
4,6,90.74308440838485,0,0,0,Part-time,34284.891341549264,London,2,1
2,8,81.91450398326212,1,1,0,Unemployed,13234.712344503061,West Midlands,8,1
8,1,91.86946492647222,0,0,0,Employed,31445.02805362961,West Midlands,10,1
4,8,84.26931031592927,0,0,1,Unemployed,35418.75778716525,North West,10,1
2,7,74.32983413582124,0,0,0,Unemployed,17888.31739169901,South East,10,1
6,1,84.63223694304551,0,0,0,Employed,36061.11316482928,South East,5,1
6,2,74.84786596854785,0,0,0,Unemployed,41461.728642412665,North West,10,1
4,3,85.40986789775941,0,0,1,Employed,31222.773364086628,South East,2,1
6,1,93.29473929231466,0,0,0,Part-time,29756.034949280987,London,5,1
2,9,74.26370993997885,1,1,0,Employed,16041.791606965931,London,8,1
2,8,88.64273405804438,0,0,0,Employed,33553.6314323274,South East,6,1
4,2,76.70962541646793,1,1,1,Employed,16795.2747789031,North West,3,1
8,9,87.01700559916547,0,0,0,Unemployed,27957.92642112291,West Midlands,8,0
7,7,93.60204242020484,0,0,2,Unemployed,28768.7608586482,South East,9,1
9,9,63.704869258899585,0,0,0,Part-time,10000.0,West Midlands,5,1
8,6,73.85524173128654,0,0,0,Unemployed,28246.427068286008,North West,2,1
5,6,81.31020554890078,0,0,0,Employed,45971.7982918279,West Midlands,2,1
2,4,88.15040489181615,0,0,1,Part-time,10000.0,North West,7,1
5,2,83.33616670641676,0,1,0,Employed,24568.864047894924,North West,1,1
8,7,84.5411921801908,0,1,0,Unemployed,10000.0,London,10,1
9,5,100.0,0,0,0,Employed,17846.868489558583,London,2,0
9,6,72.87542721150773,1,1,0,Unemployed,10000.0,North West,10,1
1,2,96.3548501636277,0,0,0,Unemployed,26276.33861597774,South East,4,1
9,5,81.50021872845583,0,1,0,Unemployed,31348.838426076756,London,1,1
7,4,90.49474792498734,1,0,0,Employed,28277.909062152736,North West,4,1
9,9,100.0,0,0,0,Employed,17558.540244339423,West Midlands,10,0
8,6,91.88678023685426,0,1,0,Employed,20124.84194723258,West Midlands,5,1
1,2,88.7249570979,0,0,0,Unemployed,27178.181488685113,South East,9,1
8,1,100.0,1,1,0,Employed,17808.608078888636,West Midlands,1,1
8,5,96.24798644593191,0,0,0,Part-time,14369.639131874867,West Midlands,5,0
3,9,77.00605923838565,0,0,0,Employed,23086.983519184312,North West,2,1
1,6,87.94524742453855,0,0,0,Employed,17442.33432582074,West Midlands,9,1
8,7,67.82504265859241,0,0,0,Unemployed,28292.46333802914,West Midlands,6,1
3,5,79.59846611625748,0,0,1,Employed,35389.57920253534,West Midlands,2,1
3,6,88.1405296759986,0,1,1,Part-time,45780.6672216461,West Midlands,3,1
1,5,78.97894647218742,0,0,1,Unemployed,27704.5352971172,North West,8,1
5,9,87.73366745971924,0,1,0,Employed,30167.777302556296,West Midlands,1,1
7,6,84.8661538434696,1,1,0,Employed,20205.46125364698,South East,3,1
9,8,90.36416732395043,0,0,1,Employed,20700.98580622764,London,10,0
7,2,80.75800977971889,0,1,0,Employed,35272.449972327515,South East,1,1
9,9,75.59851085563287,0,1,1,Unemployed,22789.377598825777,London,8,1
8,5,99.7812682617326,0,1,0,Employed,25583.57902884626,South East,1,0
2,7,80.04303257310056,1,1,0,Employed,34783.80536102668,London,5,1
1,1,91.60010593117119,0,1,0,Employed,22850.982624907283,London,4,1
7,5,99.35247026472535,0,0,0,Employed,37003.363501505184,London,7,0
7,2,86.62669998997532,0,0,0,Employed,29584.23468841124,London,5,1
8,6,76.43693430556851,0,1,0,Part-time,28643.185367825718,North West,8,1
5,1,83.21390025452655,0,0,1,Unemployed,19814.486823461248,South East,1,1
3,3,95.17540916606754,0,0,0,Unemployed,29073.007960400842,London,5,1
8,5,87.06247545737862,0,0,0,Unemployed,21567.632417070028,South East,4,1
6,4,72.94858207795723,1,1,0,Employed,28755.270849565637,West Midlands,3,1
3,3,90.96643833533713,0,0,0,Part-time,24185.39947391657,London,5,1
1,5,92.69531469050999,0,1,0,Employed,32734.476567872953,South East,10,1
3,8,81.44688113882066,0,0,0,Employed,24745.830617625958,North West,3,1
5,4,91.10244375604746,0,0,0,Employed,41302.86040189357,South East,8,1
3,1,87.45018595460468,0,0,0,Employed,22795.624172834192,London,3,1
1,7,83.0257046135796,0,0,2,Unemployed,20723.40190381192,West Midlands,1,1
5,8,72.06464256406336,0,0,0,Employed,27768.91029441003,South East,9,1
7,3,95.77953895105757,1,1,0,Unemployed,33622.96844661979,West Midlands,9,1
7,6,92.59210999919833,0,1,1,Employed,33560.78787861819,North West,6,1
9,2,90.83886294375313,0,0,1,Employed,26334.25155521998,South East,10,1
3,7,100.0,0,0,2,Unemployed,27712.71328643828,South East,1,1
7,8,94.45193727013594,0,1,0,Employed,27724.304458979386,North West,8,0
1,6,91.86566006151563,0,1,0,Employed,16377.017490974999,North West,2,1
4,6,62.86772651973169,0,0,0,Employed,33192.587534128776,North West,9,1
4,5,96.96894951802416,1,0,0,Unemployed,14937.148543034662,London,8,1
5,8,85.83080514282051,1,0,0,Unemployed,16392.010593721665,London,3,1
7,1,88.12491680257139,1,1,0,Employed,25440.21667617172,South East,5,1
7,4,88.19333189693386,0,0,0,Part-time,22441.122126835668,South East,9,1
4,4,92.7383274364228,0,0,0,Part-time,31369.259195003597,South East,1,1
7,3,96.22175028801685,0,0,0,Unemployed,28578.821381361446,West Midlands,9,1
3,3,91.34241143059222,1,1,0,Unemployed,26105.61109656554,North West,4,1
6,4,89.75285589319891,0,0,1,Employed,15995.728032223598,South East,4,1
2,1,87.31512739295572,0,0,0,Unemployed,25212.480838907217,North West,4,1
9,2,51.48389483095322,0,0,0,Employed,24579.90824702867,London,10,1
5,9,82.12408980549812,0,0,1,Employed,26777.49389521736,North West,9,1
6,2,75.58410482649354,0,0,0,Part-time,21559.695956578897,West Midlands,6,1
4,5,97.10739538939086,0,1,0,Unemployed,29182.540303948346,West Midlands,8,1
7,9,91.19037198286294,0,1,0,Employed,22227.511698345064,North West,4,0
9,9,80.41863012786266,0,1,0,Employed,28432.907721032898,West Midlands,3,1
7,8,81.42282817730755,0,1,2,Unemployed,31368.380592686008,West Midlands,1,1
1,1,81.06018636697578,0,0,0,Employed,20723.23601078101,London,10,1
1,1,80.88173845681081,0,1,0,Employed,18822.73223854812,South East,7,1
9,9,70.55442556475202,0,0,0,Employed,28810.929251754715,West Midlands,4,1
9,8,68.38720506722233,0,0,0,Employed,14431.202554284564,South East,8,1
4,9,85.29046772381744,0,1,0,Unemployed,33893.318039136495,North West,3,1
9,7,95.75314139359355,0,0,2,Employed,25087.7009369358,North West,1,1
3,3,79.62310302572138,0,0,0,Unemployed,24081.932784813078,West Midlands,5,1
7,3,88.03444750924045,0,0,0,Employed,29368.127346809808,North West,2,1
6,2,92.34260917176725,0,0,0,Unemployed,28871.636163376774,London,3,1
8,5,75.06621794416144,0,0,0,Part-time,25052.144599831256,West Midlands,6,1
9,3,84.80024571280097,0,1,0,Unemployed,32028.931284815313,West Midlands,3,1
5,6,78.33479518726485,1,1,1,Part-time,19620.893557197982,West Midlands,3,1
1,2,100.0,0,0,0,Part-time,30698.851946349,North West,6,1
3,3,100.0,0,0,0,Employed,16371.012226647397,North West,5,1
8,5,75.07657160125149,0,0,0,Unemployed,29085.191928521068,West Midlands,10,1
6,1,88.85884383084326,1,1,0,Part-time,22377.013628264343,South East,9,1
8,1,95.6759930081249,0,0,0,Employed,14511.311501046473,North West,1,1
9,9,93.4832950037633,0,0,0,Employed,27053.142537154985,North West,3,0
4,7,85.81563034984366,0,0,0,Part-time,24724.588054794167,West Midlands,3,1
1,1,98.06557461764348,0,0,0,Unemployed,12658.19592414297,South East,6,1
1,8,75.95485311010567,0,0,1,Employed,10000.0,West Midlands,8,1
4,3,81.96907055605308,0,1,0,Employed,23781.88933266004,North West,3,1
7,8,76.22357580240426,1,0,0,Unemployed,37945.80768561462,West Midlands,3,1
2,5,92.82493494700621,0,0,0,Employed,27568.120065647287,West Midlands,6,1
3,1,79.17363125700548,0,0,0,Unemployed,19653.574106284446,West Midlands,8,1
1,7,83.28750824562914,0,1,2,Unemployed,33654.95612550285,South East,6,1
5,5,91.17670368265749,0,0,0,Unemployed,32257.78894299647,West Midlands,10,1
1,6,91.98249913777816,0,0,0,Employed,35172.63262391509,North West,3,1
8,6,75.92873653744749,1,0,0,Unemployed,30471.182114741656,West Midlands,4,1
1,8,95.56655283772793,0,0,1,Unemployed,32087.218584889662,South East,1,1
1,9,89.55689668667252,0,1,0,Unemployed,30848.86824810051,London,8,1
2,2,74.18297160419598,0,0,0,Employed,21179.96042066858,South East,4,1
2,9,71.72284104243387,0,1,0,Employed,11901.754084771237,West Midlands,6,1
6,9,84.84180289737932,0,0,1,Part-time,20830.916833655585,London,3,1
7,7,93.5009398931681,0,1,1,Employed,33839.49581601083,West Midlands,6,1
5,1,93.7571586240098,0,0,1,Employed,21951.91331124343,South East,9,1
1,7,88.56166877224842,0,1,0,Employed,23836.32759114115,London,9,1
1,5,85.48674838326826,0,0,1,Unemployed,15673.72053482844,London,10,1
3,6,90.11737669079005,1,0,0,Employed,20591.283422726217,West Midlands,3,1
2,7,76.44669485610741,0,1,0,Employed,24927.286665732594,West Midlands,3,1
5,5,100.0,0,0,0,Employed,28940.497422870027,South East,4,0
6,7,100.0,0,0,0,Unemployed,21330.71226259467,West Midlands,7,0
7,9,89.28812314620697,0,0,1,Employed,20771.700595058406,London,3,1
4,3,86.97300419992852,0,0,0,Employed,31737.404521190943,North West,10,1
7,8,80.8857902734063,1,0,1,Employed,27602.132211505792,North West,8,1
8,2,90.2874884579966,0,0,2,Part-time,28589.379721537196,South East,8,1
1,7,78.08682628983223,0,0,0,Employed,37226.56468854697,West Midlands,6,1
6,2,62.76387969004469,0,1,0,Employed,20959.404892717143,South East,4,1
8,4,57.858926995089135,0,0,0,Employed,24607.846636146918,North West,5,1
5,7,77.00501666836513,0,1,1,Part-time,29409.278195385174,North West,2,1
4,3,86.56378122918278,0,1,0,Unemployed,18027.941106735892,West Midlands,6,1
2,2,88.31971733953483,0,0,0,Part-time,26832.39790601695,London,3,1
6,7,80.13242991490715,0,0,1,Unemployed,25177.571978072803,West Midlands,6,1
6,1,86.41835167142904,0,0,0,Employed,47218.39529255299,North West,5,1
1,8,82.25771642945469,0,0,0,Unemployed,25798.95601332059,London,2,1
9,3,75.00687242349862,0,1,1,Employed,34255.51812451465,South East,5,1
6,2,84.46255491030875,0,0,0,Employed,31639.545710774742,North West,5,1
3,3,93.12957112365649,1,0,0,Employed,15747.5071748721,South East,9,1
4,5,75.45938252253677,0,0,0,Employed,12609.409296314401,London,8,1
4,8,75.46395386980302,0,0,0,Part-time,26976.116842930354,South East,7,1
3,7,74.30749406047842,0,0,1,Employed,35058.677297175636,North West,3,1
3,7,65.63481265491885,0,0,0,Part-time,27303.318556505394,West Midlands,10,1
3,7,80.19797625852982,0,1,0,Employed,25630.814432137395,South East,4,1
4,8,92.1408611295253,0,0,0,Employed,22727.306776406,North West,6,0
7,1,86.73916083833763,0,0,1,Part-time,14408.310027228767,North West,3,1
4,4,83.30749115943694,1,1,0,Unemployed,17315.8342592879,London,9,1
9,6,86.2906479824017,0,0,0,Unemployed,12021.490489282418,North West,8,1
1,9,80.11018512570841,0,1,0,Employed,16175.627207093989,West Midlands,6,1
8,2,65.52113362736527,0,1,0,Employed,20791.934100565195,West Midlands,4,1
7,1,92.83718781814565,0,1,0,Unemployed,31208.12817213589,South East,7,1
2,2,95.71124573784651,0,1,0,Unemployed,21439.46191363522,South East,3,1
8,7,77.71843223932213,0,0,0,Employed,27045.006284397743,South East,10,1
1,3,83.49164379393444,0,1,0,Part-time,26081.833689413455,South East,8,1
9,2,82.6300082893984,0,0,0,Unemployed,28992.390683863792,West Midlands,1,1
9,7,88.51288809424541,0,1,1,Part-time,16721.48054786193,London,3,1
2,2,100.0,0,1,1,Unemployed,33473.54972098839,South East,5,1
7,3,96.59791245289306,0,1,0,Unemployed,13742.584120371257,London,5,1
3,7,81.23085774586104,0,1,0,Employed,21417.49438090714,North West,10,1
7,4,90.42463861500237,1,0,0,Employed,24832.756737787375,North West,2,1
9,1,97.54356868572712,0,1,0,Part-time,31081.15878519798,South East,10,0
4,5,89.08345164394778,0,0,1,Employed,36034.47468440603,North West,8,1
1,9,84.95300595559827,1,1,0,Employed,31144.25216102712,London,5,1
2,8,89.46000094667185,0,0,0,Employed,36327.33085964687,London,7,1
1,9,77.96728477436527,0,0,0,Employed,18366.592563941562,North West,7,1
5,9,79.42718875895919,0,0,0,Part-time,34522.963840569675,South East,5,1
5,7,74.35965764798902,0,0,0,Part-time,33149.2538393064,London,8,1
7,4,88.07064516570243,0,1,2,Employed,10000.0,London,9,1
9,5,83.68597093977762,0,0,0,Employed,23236.286048845788,West Midlands,4,1
9,1,76.7688193865192,0,0,1,Unemployed,29816.29938705426,South East,4,1
3,1,83.35820588379495,0,0,0,Unemployed,20876.68907643649,West Midlands,8,1
3,3,89.6999826076317,1,1,1,Part-time,16313.398621630107,North West,1,1
3,8,100.0,0,0,1,Employed,41913.401743534996,North West,4,1
4,2,95.12067864703857,0,0,0,Employed,25888.321207767254,West Midlands,6,1
8,4,62.1585214251766,1,0,1,Employed,26107.243473232487,South East,4,1
6,2,87.39308466820346,0,0,0,Part-time,14528.047080999471,London,6,1
8,5,99.29324262712855,1,0,0,Unemployed,20101.112033630085,North West,5,1
1,9,71.62126508789767,0,0,2,Unemployed,17817.274965024775,South East,9,1
8,1,90.51559270212424,0,0,0,Employed,33631.80184111442,South East,10,1
4,5,82.63357814468954,0,1,1,Unemployed,29037.068967408413,North West,9,1
1,9,96.5029053091616,0,1,0,Unemployed,20435.490457547763,North West,4,1
8,1,89.04257195013452,0,0,0,Employed,29484.001909329716,South East,4,1
4,9,76.15984545440793,1,1,0,Employed,22971.838834071383,London,8,1
6,8,82.99148521709381,0,0,0,Employed,26875.925743828335,West Midlands,10,1
8,4,83.58304323952378,0,0,0,Employed,26838.11109748565,North West,4,1
4,5,83.76821785189951,1,0,0,Employed,28362.13768383679,West Midlands,2,1
3,5,96.19262944775264,0,0,1,Employed,27397.21538717397,South East,2,1
9,6,76.5738007860977,0,0,0,Employed,28368.39720931927,West Midlands,1,1
3,7,95.03051309661184,1,0,0,Employed,35046.46648388459,London,5,1
9,8,81.9775032407848,0,0,0,Employed,30124.502024588193,South East,6,0
2,8,87.23511106329165,0,1,0,Part-time,22304.785898192324,London,9,1
2,2,85.72377586281034,1,0,1,Employed,24216.378032118602,South East,5,1
2,9,84.78194661918165,0,0,1,Unemployed,34841.364703976535,London,6,1
6,7,84.86397165554678,0,0,0,Employed,25899.379639585717,South East,6,1
3,4,99.57358558271021,0,0,0,Unemployed,22007.852661143203,London,3,1
9,4,93.42449924906144,0,0,2,Employed,19950.89326295971,South East,4,1
4,8,81.3728431042007,1,0,0,Unemployed,27184.304865329977,London,1,1
1,4,100.0,0,1,0,Employed,18161.14557963539,South East,4,1
4,6,87.74681073992853,0,0,1,Unemployed,35278.36339067445,London,1,1
1,5,88.57624259323894,0,0,2,Employed,16697.453169943365,North West,5,1
5,3,76.62680920668609,0,0,1,Unemployed,36824.54180415537,West Midlands,8,1
4,2,80.02501341594859,0,0,0,Employed,22718.15747302041,South East,8,1
8,9,78.11496492072824,0,0,0,Employed,16386.101170978753,London,5,1
8,9,85.86072864993675,0,0,0,Employed,26513.40590852301,North West,10,0
7,1,91.38783079448208,0,0,1,Unemployed,17375.686734285686,South East,2,1
3,3,88.67232299422213,0,0,0,Part-time,25274.97408824208,South East,6,1
1,8,100.0,0,0,0,Unemployed,20379.651747205342,South East,1,1
1,6,76.12241994788765,0,0,0,Employed,32560.58614295273,West Midlands,7,1
3,5,86.14869043538881,0,0,0,Employed,26093.996879501057,London,4,1
6,5,72.17060670701706,0,0,0,Part-time,15491.993343403721,London,5,1
7,6,75.78129028396738,0,0,0,Employed,20223.707676591956,South East,6,1
6,7,97.64578377338464,0,0,1,Unemployed,30639.577996745036,South East,1,1
6,1,80.36835133528534,0,0,0,Part-time,35296.7368303238,South East,9,1
6,9,76.9663620393973,0,0,1,Part-time,24637.80154025853,North West,10,1
3,3,63.700231244170524,0,0,0,Employed,16644.827505048772,South East,4,1
6,4,76.86645352211082,0,0,0,Employed,33432.290486807105,West Midlands,8,1
8,1,82.94719725805021,0,1,0,Employed,30604.509399147,London,5,1
2,3,71.42597040213789,1,0,0,Unemployed,35452.31667442039,West Midlands,8,1
5,2,82.37216611017531,0,1,1,Employed,27321.672947370454,South East,1,1
1,2,97.70631060658224,0,0,0,Employed,20835.224673624856,North West,8,1
1,1,77.92694659671668,1,0,0,Employed,29135.107883164637,South East,4,1
5,8,75.56616950630064,0,0,1,Employed,27610.633787532654,South East,2,1
3,3,73.76098533134908,1,0,0,Unemployed,20401.010465231724,South East,6,1
4,3,73.582359074842,0,0,0,Unemployed,26589.10867077925,South East,2,1
3,6,90.35577446888429,0,0,0,Employed,23439.79288942363,South East,5,1
1,8,85.4866873688305,0,0,0,Employed,30948.302759869443,London,2,1
1,9,94.56856879275574,0,0,1,Part-time,28936.055282523477,West Midlands,3,1
5,9,100.0,0,1,0,Employed,16587.26885375048,North West,6,0
6,4,66.69608868090852,0,1,0,Unemployed,15780.619365112074,South East,1,1
3,5,88.80078708441773,0,0,1,Part-time,24281.51061141157,North West,6,1
9,2,73.81380665566441,0,0,0,Employed,25262.554283034526,London,3,1
5,9,92.8889929803345,0,0,1,Employed,31087.814192734615,West Midlands,7,1
8,8,82.28087998926564,0,0,0,Part-time,29106.431284495113,South East,2,1
1,3,85.27322760864173,1,0,0,Employed,36669.48514570194,London,6,1
5,9,72.16822572070191,0,1,0,Employed,21262.45228579656,London,8,1
3,3,80.73572974886832,0,0,0,Employed,20805.711444582346,West Midlands,1,1
1,9,85.8966225110826,0,0,0,Employed,17321.48795483965,South East,9,1
4,2,98.56078146806708,0,0,0,Unemployed,30995.25691820064,West Midlands,5,1
5,9,77.05439472591446,0,1,0,Part-time,25174.017472127685,West Midlands,5,1
7,8,79.49308428469686,0,0,0,Unemployed,10171.17186430683,North West,5,1
1,9,94.44289642182281,0,0,0,Employed,26617.323021663142,North West,6,1
3,5,76.4065971630069,0,1,0,Employed,27127.761342536567,West Midlands,2,1
2,2,96.42385143974126,0,0,1,Unemployed,23845.224458017252,North West,6,1
9,8,84.90913425273745,0,1,1,Employed,27373.238823667343,London,4,1
6,6,88.03122961591843,0,0,0,Unemployed,15238.114406194236,West Midlands,8,1
3,8,88.6752230250937,0,1,0,Employed,38128.25467280022,South East,9,1
8,5,78.83779446593392,0,0,0,Unemployed,28042.075408607383,South East,9,1
8,2,88.89886819472395,0,0,0,Employed,10810.408935371022,London,8,1
2,6,77.276302156857,0,1,0,Employed,24952.823205359127,South East,3,1
6,5,79.9789699590112,0,0,1,Employed,28253.761597216915,South East,10,1
7,5,90.58690966033275,0,0,1,Employed,16096.54340061561,West Midlands,4,1
2,1,87.93393955641903,0,0,1,Employed,29269.042232107502,London,1,1
2,2,84.25035049160952,0,0,0,Unemployed,38447.40498406932,West Midlands,9,1
1,8,72.41268350736989,0,0,1,Unemployed,19845.047515603765,London,5,1
8,3,74.9084171065037,0,0,1,Unemployed,28427.509566959554,West Midlands,6,1
1,3,87.76709043904985,0,0,0,Part-time,26668.788791937575,West Midlands,3,1
9,8,92.32140563485116,0,0,1,Employed,32746.31999849905,North West,10,0
6,8,73.90354495479242,0,0,0,Employed,24129.26476300686,South East,8,1
7,2,76.60174752547832,0,0,1,Employed,16466.266989105046,London,7,1
7,8,86.34185174177719,0,1,0,Unemployed,32233.45797579765,South East,1,1
3,1,86.12787862629094,0,1,0,Employed,16941.915274238854,North West,10,1
2,6,68.76042791238959,1,1,0,Unemployed,39470.89102314356,London,5,1
9,8,86.6156301343999,0,0,1,Employed,29486.15479212134,North West,10,0
8,3,79.01632189769781,0,0,0,Part-time,20208.858107077078,South East,9,1
7,8,100.0,0,0,0,Part-time,33869.212900050064,West Midlands,6,0
9,1,87.49198542735657,0,0,1,Employed,24926.487727752916,North West,8,1
4,9,89.21473449875903,0,0,0,Employed,23228.755512047814,North West,10,0
4,9,89.47359302190611,0,0,1,Unemployed,19553.04499121788,West Midlands,1,1
1,5,72.86072619347436,0,0,0,Employed,10000.0,South East,10,1
8,4,100.0,0,1,0,Employed,29835.14056293462,North West,7,0
3,6,68.77088752548826,0,0,0,Unemployed,11974.985905459143,South East,3,1
7,7,92.95703141699742,1,0,0,Employed,18653.645345188976,West Midlands,9,0
2,5,91.18663937480649,1,0,0,Unemployed,28462.756430802216,London,6,1
2,9,80.2299762008704,0,0,1,Unemployed,20994.588788035882,North West,5,1
7,3,91.66450316713389,0,1,0,Employed,26257.21496632759,South East,8,1
6,7,81.82426801176263,0,0,0,Employed,15290.437488402775,West Midlands,8,1
3,5,78.24538555144221,0,0,1,Employed,22212.32501489679,West Midlands,3,1
9,7,89.69559169352928,0,0,0,Unemployed,26307.085639665504,North West,2,1
6,2,74.93439008912098,0,0,0,Employed,17388.219872514226,London,2,1
6,4,82.75744841242431,0,0,0,Part-time,38490.90782193537,North West,5,1
1,2,79.05823251270043,1,1,2,Employed,19900.60869695418,South East,10,1
4,7,81.64020490427055,0,1,0,Employed,36027.334304127246,West Midlands,7,1
6,2,89.32728599130185,0,1,0,Employed,23657.555642028266,London,8,1
6,1,79.05633627653793,0,0,0,Employed,12452.195471349169,South East,10,1
5,9,83.07676086927636,0,1,0,Employed,15904.793531234778,North West,8,1
1,1,79.96854748098418,0,0,0,Employed,26408.63431145104,West Midlands,8,1
8,8,99.43996665574545,0,0,0,Employed,33262.20602046739,North West,10,0
5,2,88.4261239821389,0,0,0,Employed,39158.217061002906,London,3,1
5,8,87.2006963296672,0,0,1,Employed,26025.749828746357,London,2,1
7,3,91.83418504623424,0,0,0,Unemployed,15582.050020043349,London,4,1
4,6,79.05865423225113,0,1,0,Employed,27227.880644357963,London,1,1
6,3,93.5925722499984,0,0,0,Employed,18398.282613118776,London,3,1
4,7,88.46177745832742,0,0,0,Unemployed,28137.532969556414,North West,9,1
3,9,69.39109097245935,0,0,2,Employed,17468.203580755602,London,7,1
7,2,70.71969166899235,0,1,0,Unemployed,10000.0,London,7,1
8,5,79.27702947215934,0,1,1,Employed,35534.84527695919,West Midlands,1,1
4,6,71.7899350413483,0,1,0,Employed,23188.666149237906,London,7,1
2,4,82.61721539300417,1,0,1,Part-time,25397.28267053265,West Midlands,10,1
3,4,74.86262008584136,0,0,3,Employed,32973.61099391617,West Midlands,7,1
1,4,84.02276946929081,0,0,0,Unemployed,40030.77367465164,West Midlands,4,1
8,2,99.11709375931456,0,0,0,Employed,30760.645217191657,North West,7,0
3,4,84.50623096443815,0,0,0,Unemployed,25824.01292962889,North West,8,1
7,1,81.97035545098072,0,0,0,Part-time,28702.983008905918,South East,3,1
5,6,88.88242647785344,0,0,0,Employed,22641.7356537069,South East,10,0
5,1,78.03580207077397,0,1,0,Unemployed,25288.915027917115,West Midlands,2,1
7,6,93.43414309396,0,0,0,Employed,26158.909102873473,North West,7,0
9,1,89.95212953124113,1,0,0,Unemployed,18706.997945574934,London,5,1
5,6,85.38865562048564,0,0,0,Employed,25169.388695023015,South East,5,1
1,8,86.54315831633586,0,1,0,Part-time,27936.814820031443,North West,5,1
1,2,100.0,1,1,0,Employed,29136.1351806044,London,7,1
2,2,94.42312210267868,0,1,0,Employed,28498.590259434517,London,9,1
6,4,100.0,0,1,0,Part-time,14287.798255405009,North West,8,0
9,3,90.32030193292452,0,0,0,Unemployed,34834.07154079725,South East,6,1
8,4,70.28308557329312,0,0,0,Employed,34170.249819630524,North West,7,1
5,7,82.3782629713616,0,0,0,Employed,24230.81273424969,South East,9,1
1,1,67.99795125451934,0,0,0,Employed,28644.069560843473,West Midlands,6,1
7,6,90.28303034666918,0,0,0,Employed,23267.569863131936,North West,1,1
5,3,92.45404197345403,0,0,1,Employed,31015.66130249173,North West,4,1
6,7,76.14084004040721,0,1,0,Unemployed,18485.825230933042,South East,8,1
7,2,78.44363620353147,0,1,0,Employed,35739.6847623274,South East,7,1
3,2,86.48750896235215,0,1,0,Unemployed,30617.660894543656,North West,3,1
3,4,73.01895936735782,1,1,0,Unemployed,30803.470332551125,London,10,1
5,1,72.26840230757468,0,0,0,Employed,24159.57698859346,London,3,1
6,3,97.3863204804112,1,0,0,Employed,13699.051960538454,London,3,1
9,9,86.14710618163969,1,0,0,Employed,32071.47760096616,West Midlands,1,1
5,7,79.41890642294044,0,0,0,Employed,13963.509320779596,West Midlands,10,1
1,7,68.07881111442781,0,1,0,Unemployed,32167.781281796364,South East,1,1
4,4,93.52351356894472,0,0,0,Employed,18822.982265342212,West Midlands,6,1
5,2,78.15481787783031,0,1,1,Unemployed,12303.610767755168,London,1,1
5,4,100.0,0,0,0,Employed,25007.997629708247,North West,5,0
7,6,93.59310097693445,0,0,0,Employed,34462.40440430725,West Midlands,4,0
4,3,76.91858145592731,0,0,0,Employed,17275.170012650506,West Midlands,5,1
1,1,77.84528302868529,1,0,1,Employed,37792.27699515861,London,7,1
5,8,100.0,1,0,1,Employed,30253.9243506454,West Midlands,6,1
7,5,84.15740553165496,0,0,1,Employed,26254.07617892701,South East,9,1
6,5,79.8668877167663,0,1,1,Part-time,21515.0059500871,North West,6,1
5,4,85.2772168847657,0,0,0,Unemployed,22072.821185641515,London,9,1
4,6,79.8208734994621,0,0,0,Employed,28441.33783000712,South East,4,1
2,3,87.41048477108166,0,0,0,Employed,31768.32686815249,London,1,1
4,9,84.24176378481737,0,0,1,Employed,20252.030258783292,South East,1,1
3,5,93.75507980511509,0,1,0,Employed,18547.893381721857,North West,10,1
1,3,81.11425896760873,1,0,0,Employed,23289.385452625065,North West,7,1
8,1,76.15183633310353,0,1,0,Employed,36149.029406858754,South East,3,1
5,6,81.51015303376414,0,0,0,Employed,15264.89327730826,South East,2,1
4,2,81.44916101775954,0,1,0,Employed,34139.82115794218,South East,6,1
8,3,84.22466184806007,0,0,0,Employed,25338.23865274506,South East,6,1
7,1,91.34540288057225,0,0,1,Employed,11778.086854731082,South East,7,1
2,9,90.7990896747192,1,0,0,Unemployed,21306.94078747454,South East,5,1
1,8,96.99658675858568,0,0,1,Employed,29877.344583522183,North West,8,1
4,2,76.88510322266475,0,0,0,Employed,39414.51156032609,South East,7,1
8,8,88.88720123051108,0,0,0,Employed,14381.018212947458,West Midlands,2,0
2,9,92.27319847020715,0,0,0,Part-time,10000.0,North West,1,1
3,1,78.25779593688137,0,0,0,Part-time,14523.577476336508,London,9,1
1,5,82.92368947017621,0,0,1,Unemployed,34043.32406293205,North West,5,1
1,8,67.50022125781203,0,1,0,Employed,10650.06634345264,London,5,1
3,2,94.06857695125736,0,0,2,Employed,36978.031127035094,London,10,1
5,4,82.8450179768013,0,0,0,Unemployed,34718.471582095364,West Midlands,4,1
3,7,93.06564176680999,0,0,0,Employed,26528.289936502064,South East,2,1
1,3,87.06049517879514,1,1,2,Employed,19989.077517223777,South East,5,1
1,5,83.14834771025126,0,0,0,Part-time,25442.085006537145,North West,2,1
8,8,69.07197200647514,0,0,0,Employed,29888.698817120814,South East,7,1
2,3,70.8504738928356,0,1,1,Employed,28667.81171780239,West Midlands,9,1
3,4,59.06853815658258,0,1,0,Employed,38917.27498616084,North West,9,1
2,9,79.37386517171343,0,0,1,Employed,22919.180401388025,North West,6,1
3,7,100.0,0,0,0,Employed,14593.256211016018,North West,1,1
7,1,72.12052610482,0,1,0,Unemployed,13181.754342943,South East,6,1
1,4,58.685681165800936,1,0,0,Unemployed,11581.669855526796,South East,5,1
8,4,94.62668919585532,0,0,0,Employed,26570.231380284848,South East,4,0
2,9,100.0,1,0,0,Part-time,23125.050394220343,North West,6,0
3,6,87.97921065259803,0,1,0,Employed,25261.236823154173,North West,6,1
9,9,87.8873239471996,1,0,1,Employed,20703.523673550535,London,6,1
7,6,81.90117926356248,0,1,0,Unemployed,16118.665130218582,London,2,1
4,6,67.0574276948994,0,0,0,Unemployed,29914.68707701962,South East,7,1
5,5,70.49288082256524,1,0,1,Unemployed,10000.0,North West,4,1
2,5,81.83246670601481,0,0,0,Part-time,18587.23545797011,South East,9,1
8,2,79.91544659970256,1,0,0,Unemployed,31291.92127974713,South East,10,1
4,8,83.84827072230058,0,1,0,Part-time,17793.292586375705,London,2,1
9,8,93.2932482392816,0,1,0,Employed,28133.403358387975,West Midlands,5,0
5,1,79.18162168082979,0,0,0,Unemployed,18597.92723570828,South East,4,1
9,8,93.49716756404611,1,0,1,Part-time,21353.241009357702,West Midlands,9,0
4,5,79.2471029009723,0,0,0,Unemployed,29599.364126438384,West Midlands,4,1
5,2,95.38239592865757,0,0,2,Employed,14777.213463494938,North West,8,1
9,2,85.86367567073424,0,0,0,Employed,30962.226640610766,North West,8,1
8,6,80.64169659078487,0,0,1,Employed,25367.363939582134,South East,6,1
3,9,85.6929406054889,0,0,2,Employed,35051.51093903224,London,6,1
1,1,82.06461157842433,0,1,1,Part-time,26665.199773173917,London,8,1
3,6,86.13134237679972,0,1,0,Employed,16444.107036165216,South East,10,1
4,9,92.58106198517471,0,0,0,Employed,38823.955375529884,South East,9,0
2,8,84.1278440158435,0,1,0,Part-time,17112.45644158274,London,5,1
1,6,81.30431147146219,1,0,0,Employed,23182.75132692846,West Midlands,1,1
7,3,73.7648379508917,0,0,0,Employed,32659.271415694187,South East,1,1
8,8,90.79178019291714,0,0,0,Employed,10000.0,West Midlands,2,0
7,9,88.48272226402725,0,0,0,Unemployed,36517.35184091098,South East,10,0
5,1,73.18057149072479,0,0,0,Employed,15792.92566138949,South East,10,1
1,9,93.3549427792076,0,0,0,Part-time,21360.00464129942,West Midlands,5,1
7,6,73.01815967397664,0,1,2,Employed,27310.863233581407,West Midlands,4,1
7,6,95.29221791233894,0,1,1,Employed,24666.353151316795,London,1,1
9,4,91.87863327187017,1,0,0,Employed,31313.40846760363,South East,4,1
3,1,89.19665522598069,0,1,0,Unemployed,12193.539432231595,North West,4,1
9,8,81.23004840832964,1,0,0,Employed,30819.610830181737,North West,10,1
1,2,90.75779782666453,1,0,1,Employed,31457.93910218824,South East,4,1
1,1,95.7637199524118,0,0,0,Employed,33233.80663396714,South East,1,1
4,2,90.92351921108174,0,0,0,Unemployed,12282.713824268716,South East,9,1
9,1,78.29749978273762,0,0,0,Employed,13248.518129367822,West Midlands,3,1
6,1,87.67406982355465,0,0,0,Unemployed,22260.994802731908,North West,4,1
3,9,96.32034986295037,0,0,0,Unemployed,14113.393749578392,North West,5,1
1,1,100.0,0,1,0,Employed,10568.256804683971,North West,7,1
4,4,82.94787025500804,0,0,0,Employed,21916.287542230675,South East,6,1
9,6,93.5788310613143,0,0,0,Employed,26872.73089166212,West Midlands,5,0
3,7,96.34480520084318,0,0,0,Employed,47391.836242357276,South East,8,0
9,2,76.87595001010236,0,0,0,Employed,29389.401232365522,London,1,1
7,6,100.0,1,0,0,Employed,39018.15999919855,London,7,0
4,7,74.34815315916555,0,1,0,Employed,24646.791309011383,North West,6,1
3,2,93.08985515032975,0,0,0,Employed,29476.527942938348,South East,5,1
5,2,88.05319779547067,0,0,1,Employed,23830.898435737803,London,7,1
5,7,85.5557555999816,0,0,1,Employed,46464.98573373511,London,3,1
3,1,100.0,0,0,0,Unemployed,19515.273091767536,South East,1,1
9,8,81.987447646732,1,0,1,Part-time,20600.205598934474,West Midlands,9,1
4,3,81.82654407271392,0,0,0,Part-time,31372.32550124963,South East,2,1
5,6,98.31478807397795,0,1,0,Employed,26659.783229114608,South East,10,0
4,9,92.61803778086784,0,0,0,Employed,21606.703972183073,West Midlands,3,1
5,6,97.82098920958555,1,0,0,Employed,32683.01718990525,North West,8,1
7,9,86.16869382341113,0,0,1,Employed,24670.82268215102,North West,10,0
9,7,88.16942617012162,0,0,0,Employed,24614.42618042089,North West,9,0
7,9,100.0,0,0,2,Unemployed,26844.658460231127,West Midlands,3,1
5,2,76.64045920419304,0,1,0,Employed,11127.034483901292,London,6,1
7,8,83.9712295590834,0,0,1,Employed,12253.96806568451,West Midlands,7,1
5,8,92.98254071425444,0,0,0,Part-time,33695.164900694464,South East,1,1
3,2,83.04139179912163,1,0,1,Employed,19584.306632659966,West Midlands,7,1
7,4,79.29854120716965,0,0,0,Employed,23936.389214322437,London,4,1
2,7,91.18484512786522,0,0,0,Employed,37899.50908898341,London,5,1
9,4,98.35805666491494,0,0,0,Employed,24297.060352563323,South East,8,0
1,4,83.59165637194143,0,0,1,Unemployed,23319.289487142712,North West,4,1
6,6,83.3141037918925,0,0,0,Employed,32168.620715962315,London,4,1
7,6,78.5231197431657,0,1,0,Employed,20213.880667577123,London,8,1
8,3,82.04023156594266,1,0,0,Unemployed,34623.43383425631,London,5,1
9,9,95.83606079830186,0,0,0,Unemployed,32004.46335549184,South East,6,0
2,2,85.81062870693657,0,0,0,Part-time,39642.6655624667,London,5,1
2,6,76.95009339069712,0,0,0,Unemployed,19477.255653782406,North West,1,1
5,7,87.62362380323663,0,0,1,Employed,35935.79716961931,South East,7,1
5,9,95.5119401098604,0,0,0,Employed,29432.736856031413,North West,6,0
6,3,79.38114336452571,0,0,1,Employed,14397.068930599826,London,2,1
3,3,71.71394780404437,0,0,0,Employed,10000.0,London,7,1
8,7,100.0,1,0,1,Unemployed,18615.784943237362,North West,6,1
1,4,71.21470649956753,0,0,0,Unemployed,27338.78245876602,South East,5,1
6,8,81.40977436144215,0,1,0,Employed,28498.783460862458,South East,8,1
4,7,87.3212851185867,0,0,0,Employed,24527.35147771948,North West,5,1
1,5,82.27572298755709,1,0,1,Employed,24598.965072615738,London,2,1
7,7,84.25089155344982,0,0,1,Part-time,23992.05199919848,West Midlands,6,1
9,3,90.76838167874594,0,0,0,Employed,33249.737069906856,North West,1,1
4,2,61.08278342287207,0,0,0,Unemployed,13509.682413735427,North West,5,1
4,6,72.33105528476149,0,0,0,Unemployed,27146.318860274227,North West,6,1
6,2,85.4425938607033,0,1,0,Part-time,18417.98979309567,London,7,1
3,3,80.9578298802639,0,0,0,Unemployed,17747.671479540524,South East,2,1
6,6,86.29411258275597,0,0,2,Unemployed,34409.84451125469,London,1,1
7,5,87.27653282631304,0,0,0,Employed,17133.89538464046,North West,6,1
3,8,63.84080004529008,0,0,1,Employed,23883.854128801107,London,3,1
7,9,97.73640332151646,0,0,1,Employed,40667.98721503196,London,5,0
3,3,80.0173211689965,0,1,0,Employed,31704.615744653398,North West,2,1
2,3,76.34486815223994,0,0,1,Part-time,21360.237496316975,London,1,1
4,3,87.0835529595928,1,1,2,Employed,22021.015532752954,West Midlands,1,1
8,6,86.07160227782244,0,1,0,Part-time,15182.376810733656,London,4,1
9,1,96.96690817654638,1,1,2,Employed,35405.16193812842,London,10,1
7,7,87.71873162770017,0,0,1,Employed,33090.814463368544,South East,2,1
1,1,96.581108480243,0,0,0,Part-time,30492.81819095825,South East,1,1
3,5,75.61822624572295,1,0,1,Employed,31374.66355847311,North West,6,1
9,8,86.418610552075,0,0,1,Employed,18803.80312482061,North West,4,1
1,4,73.8525229267511,0,0,0,Employed,12616.700458113195,South East,10,1
9,5,85.9767585556028,0,1,0,Unemployed,29484.323402430473,West Midlands,7,1
8,4,83.85712044398115,0,0,0,Employed,32108.462988971154,London,6,1
1,4,83.42702574799097,0,0,0,Employed,37856.3734650157,West Midlands,5,1
6,8,83.51472447638368,0,0,0,Employed,23392.87834981257,West Midlands,10,1
5,2,92.36389470184598,0,0,0,Unemployed,22225.989771357446,South East,2,1
6,1,68.9264034299742,0,0,0,Unemployed,23085.918362644352,North West,5,1
5,3,76.00212137215827,0,1,0,Employed,30365.950603463105,London,9,1
6,9,84.59428173254824,0,0,1,Employed,22743.285738598028,North West,9,1
5,4,73.2133691052875,0,1,0,Unemployed,24582.08730589328,West Midlands,2,1
5,5,85.46114106201044,0,1,0,Employed,31648.42312991163,West Midlands,7,1
4,2,84.49147478758925,1,1,0,Employed,19993.310758130112,North West,10,1
3,4,70.96243354947417,0,0,0,Employed,36129.23188337411,North West,4,1
3,2,70.46834853745722,1,1,0,Part-time,30064.71205861261,South East,3,1
4,2,58.76211764450734,0,0,0,Employed,10139.034965277477,North West,1,1
9,4,72.79329950318088,0,0,0,Employed,20877.16642777308,North West,3,1
2,6,85.143232582106,0,0,1,Unemployed,10000.0,South East,9,1
9,7,86.56187822940878,0,0,0,Unemployed,23426.564813705598,North West,9,0
1,3,87.01899559628451,0,0,0,Employed,21013.511167035715,West Midlands,7,1
1,3,77.2208118733262,0,0,0,Employed,31678.83807360151,North West,3,1
5,6,84.8169651597851,0,0,0,Unemployed,17951.85320835733,London,3,1
6,3,88.97244609241453,1,1,0,Part-time,28101.88001547592,West Midlands,4,1
6,2,72.31964450498847,0,0,0,Unemployed,29550.78087574747,South East,7,1
3,8,86.2332907439054,0,0,0,Employed,27057.558817824116,West Midlands,7,1
7,5,91.56481211835091,0,0,0,Employed,34120.988654180226,South East,2,1
9,1,80.09227870177119,0,0,0,Part-time,41546.310806735004,London,5,1
8,3,95.62234330349602,0,1,0,Unemployed,25895.53554159254,London,7,1
6,8,80.32565656175029,0,0,0,Employed,28241.436135122945,West Midlands,7,1
8,4,76.39939144876925,1,0,0,Employed,17957.784369343117,North West,6,1
5,7,90.56841178552921,0,0,0,Unemployed,16843.81268781406,West Midlands,10,1
8,2,100.0,0,1,0,Employed,33270.63720266183,West Midlands,10,0
4,7,85.8535361888781,0,0,0,Employed,32212.204048826865,London,8,1
8,5,91.3490780411372,0,1,0,Employed,16763.041006629894,South East,3,1
2,5,79.91282778902156,0,0,0,Employed,14534.23565992422,West Midlands,1,1
5,6,72.58383780203972,0,0,0,Employed,19810.105562555284,North West,3,1
9,9,86.66265645900734,0,0,0,Unemployed,23868.976244527115,London,2,0
4,6,88.2439997178791,0,1,0,Employed,21726.988732134047,West Midlands,2,1
6,8,81.42088909618838,0,0,0,Employed,26284.11894665802,West Midlands,2,1
1,7,91.31056518021506,0,0,0,Employed,32336.500098980843,North West,5,1
9,9,78.4591999018568,0,0,1,Employed,28696.835030039507,West Midlands,1,1
1,4,75.97913734148258,0,0,0,Employed,29288.96798147299,West Midlands,10,1
5,2,95.60642930486165,0,0,1,Employed,10000.0,West Midlands,4,1
4,7,95.6534762654163,1,1,0,Unemployed,12088.775839047341,West Midlands,10,1
3,6,78.65656894164321,1,0,0,Employed,18628.345538831538,North West,5,1
6,1,100.0,0,0,0,Employed,19948.850814723948,West Midlands,2,1
2,9,82.12893307469751,0,1,0,Employed,31718.62267951387,West Midlands,5,1
3,9,85.84782864643958,0,0,0,Employed,17968.788548254946,West Midlands,10,1
5,2,84.15347458151572,0,0,0,Part-time,30335.421290858947,London,4,1
9,3,90.2376021744568,1,0,0,Employed,18719.154089549615,North West,8,1
2,5,87.71421493800942,0,0,2,Part-time,15392.925700857477,London,1,1
8,5,87.57962161581658,1,0,0,Employed,15764.402727649667,London,5,1
2,1,74.80438368280113,1,0,0,Unemployed,43066.13194631378,North West,10,1
5,8,68.11437683210315,0,0,1,Employed,18541.080251920044,London,1,1
7,8,96.42160028252862,0,0,0,Unemployed,30527.897670882725,London,10,0
8,4,79.54554001060256,0,1,0,Employed,12534.412561998395,London,10,1
1,7,84.50966626566522,1,1,0,Employed,36351.43203342988,North West,4,1
6,3,88.26798909889781,0,1,0,Unemployed,27792.329160509704,West Midlands,8,1
1,6,100.0,1,1,1,Unemployed,27191.830950343097,South East,1,1
2,9,86.61357924642508,0,0,0,Employed,28310.618585146553,South East,2,1
1,1,81.05202437075903,0,1,0,Employed,29191.997795562806,North West,1,1
5,5,79.76455618713143,1,0,0,Employed,31472.538070759038,South East,7,1
9,4,84.62643158758061,0,0,3,Unemployed,20207.220654327775,North West,2,1
6,8,75.90635230359388,0,0,0,Employed,19739.293649823023,North West,1,1
1,1,85.2887572314901,0,0,0,Employed,25393.79102438454,South East,6,1
1,9,84.47980311541986,0,1,0,Unemployed,30475.42208334647,London,6,1
2,6,100.0,0,1,1,Part-time,24466.756190220087,West Midlands,10,1
9,4,84.16398861409078,0,0,0,Unemployed,31191.214366392825,South East,2,1
3,9,65.7551183895115,1,1,1,Unemployed,29942.69426161534,South East,1,1
1,5,100.0,1,0,0,Unemployed,23264.13390867179,South East,10,1
5,5,94.56833731156097,0,0,0,Employed,11022.560241753205,South East,3,1
7,5,100.0,0,0,0,Employed,20971.776437168708,North West,10,0
6,1,73.42680013015516,0,0,0,Unemployed,38942.3778704774,North West,5,1
1,1,82.78173218743709,0,1,1,Employed,27720.4772056456,West Midlands,6,1
5,8,91.7440124149432,1,1,1,Part-time,19883.598949839263,West Midlands,3,1
5,8,90.36391372284459,0,1,0,Employed,27005.212620863193,South East,9,0
6,6,88.06937707359552,0,0,0,Employed,30413.152546622416,South East,5,1
3,4,63.00389281499446,0,1,0,Part-time,19887.475124386932,South East,2,1
5,2,67.87560542435686,0,0,0,Unemployed,34883.07115297517,West Midlands,10,1
7,2,100.0,0,1,1,Employed,28965.5841693092,South East,6,1
5,9,100.0,0,0,0,Unemployed,16200.729814621282,London,8,0
5,5,83.93348708563605,0,0,0,Unemployed,31850.93029233899,West Midlands,6,1
5,4,98.90427474406383,0,0,0,Employed,21723.092921618438,London,4,0
3,1,74.76772233856701,0,0,0,Employed,23566.956589555157,South East,6,1
1,7,77.0557394653132,0,0,0,Unemployed,16872.25042425511,North West,8,1
5,3,73.9771967813685,0,0,0,Part-time,30051.57130151864,London,8,1
9,6,76.50080454311353,0,0,1,Employed,23809.07818643663,West Midlands,10,1
1,5,92.22696009522619,0,0,0,Part-time,30390.055636004872,London,2,1
3,5,76.37647626936555,0,0,0,Part-time,20592.140887475445,West Midlands,8,1
4,5,100.0,0,0,0,Employed,19676.773697039374,South East,6,0
1,1,89.60070606347438,0,0,0,Unemployed,19028.503427218,London,2,1
1,1,95.84527046495089,1,0,0,Employed,28168.257436343425,North West,1,1
8,3,89.89940582800074,1,0,1,Employed,19557.201403978106,London,6,1
2,4,97.14269650459279,0,1,0,Unemployed,23375.098810188694,North West,7,1
8,5,76.32000000461453,1,1,0,Part-time,20852.584101549342,West Midlands,10,1
7,2,99.46933538199556,0,0,0,Unemployed,28520.67139918141,South East,5,1
2,8,86.40938885591437,0,1,0,Employed,11117.580427165509,South East,10,1
6,2,97.09266110968738,0,1,1,Employed,26976.262961786706,North West,8,1
6,9,70.60435946623815,0,1,1,Employed,38850.74551276646,West Midlands,9,1
3,2,86.80583206608362,0,0,0,Employed,34888.20886986958,South East,4,1
2,9,86.45238716781665,0,0,0,Employed,20066.77502421222,West Midlands,7,1
1,7,78.80763535020559,0,0,0,Employed,28956.814209319873,North West,8,1
6,8,88.13118829747265,0,0,0,Employed,27404.523782719243,North West,6,0
5,2,100.0,0,0,0,Unemployed,36755.1365052971,London,2,1
9,7,78.03847641036879,1,0,1,Employed,10000.0,South East,7,1
1,6,94.61854356204938,0,1,0,Employed,33902.938951481316,South East,9,1
7,4,73.72576943853491,0,1,1,Employed,22859.858617889033,London,5,1
5,7,100.0,0,0,0,Employed,19054.168484396658,North West,2,0
5,4,92.84600318436708,0,0,0,Employed,18825.583769642995,North West,4,1
2,2,100.0,0,0,1,Employed,14600.74947030976,North West,3,1
3,7,91.72060519093768,0,1,0,Part-time,20087.052740208514,North West,4,1
7,8,88.90613177729361,0,0,0,Employed,16362.127568548836,West Midlands,10,0
6,2,92.92932940485917,0,0,0,Unemployed,26441.737364058547,South East,7,1
2,5,83.63552536645828,0,0,0,Part-time,29719.501058627044,South East,10,1
6,1,68.82166094441678,0,0,0,Unemployed,22947.412722893107,North West,8,1
2,7,89.47399346466793,0,0,0,Employed,36997.78565004932,North West,1,1
2,8,77.44496665400246,0,0,0,Part-time,20612.62971634449,North West,8,1
2,6,73.98338084620597,0,1,0,Employed,22529.10062082726,South East,5,1
3,5,91.3629316843861,0,1,2,Employed,21216.474856572608,South East,7,1
2,6,82.20891525100306,1,1,0,Part-time,29788.95099131516,North West,1,1
4,2,95.2770440660569,1,1,0,Unemployed,30596.588022815107,West Midlands,2,1
9,1,77.1105923124093,1,0,0,Employed,28962.935071768778,London,1,1
6,7,80.29171023486174,0,0,0,Employed,24007.130768500243,London,5,1
1,7,96.50296026301393,0,1,0,Employed,14275.017127376888,London,6,1
8,2,87.79842660997609,0,1,1,Employed,22444.475353515947,South East,10,1
7,2,70.2267195909386,0,0,0,Employed,36825.11771120425,South East,9,1
3,1,87.57760882860111,0,0,0,Part-time,33105.90309947989,London,8,1
1,8,99.81238548588803,0,0,0,Part-time,27352.40317349376,London,7,0
5,8,80.21422555378533,1,0,1,Part-time,21924.383543052452,West Midlands,5,1
4,1,90.98057696452909,0,0,0,Employed,24891.052181323805,South East,3,1
8,8,76.50613084844095,1,0,1,Unemployed,21959.966087714285,South East,9,1
1,9,83.63216725030571,0,0,1,Part-time,34544.41350466837,London,5,1
1,4,95.89835536450434,0,0,0,Part-time,18288.264012852676,West Midlands,3,1
4,1,87.19231667754974,0,1,0,Employed,32389.354258375817,West Midlands,3,1
8,1,97.89269862715636,0,0,0,Employed,20766.37942672986,London,3,1
5,3,89.25302404227861,0,0,0,Employed,35567.414642895936,London,6,1
2,5,100.0,0,0,0,Employed,28414.207390464053,South East,1,1
6,5,69.35086630780731,0,1,0,Unemployed,19004.90080044105,London,4,1
5,9,82.82806649939035,0,0,0,Unemployed,22525.50069198394,North West,8,1
2,2,74.15466206707949,1,1,0,Employed,30693.12485378661,West Midlands,3,1
3,2,74.8375082554175,0,0,0,Employed,21006.857411407524,London,5,1
9,6,74.9281630619396,1,1,0,Employed,25177.09188304965,North West,2,1
7,9,86.6772582205122,0,1,0,Employed,20896.446646808443,West Midlands,2,1
7,1,87.26300934821867,0,0,0,Employed,39072.93718598837,North West,7,1
6,9,89.27455924995117,0,0,1,Unemployed,40448.575143610644,North West,10,1
8,9,73.76939439855448,0,0,0,Employed,36704.991627133786,London,3,1
4,9,81.7577518100171,0,0,0,Unemployed,24005.008278929337,West Midlands,5,1
8,5,75.35705360243632,0,0,0,Employed,21777.978826344253,North West,3,1
4,9,94.35881556271715,0,0,0,Employed,18766.691363886963,South East,6,0
8,4,76.29732449819026,0,0,2,Employed,37285.77032642485,West Midlands,10,1
9,2,82.86287848004119,0,0,0,Part-time,32445.78968560935,South East,3,1
3,6,90.60306441323105,0,0,0,Employed,32830.08705205872,London,8,1
3,4,78.84371325502435,0,0,0,Unemployed,23000.576504952864,South East,2,1
2,6,91.93878444980653,0,0,0,Employed,10936.820125936734,West Midlands,3,1
3,3,100.0,0,0,0,Part-time,12776.339123673893,North West,8,1
3,6,86.89711728725526,0,0,0,Unemployed,25461.072503220075,North West,8,1
5,2,94.01610914568407,0,0,1,Employed,20818.605949069315,West Midlands,1,1
5,2,64.26579111063617,0,1,0,Unemployed,19898.389644858948,North West,8,1
2,9,80.7094807315215,0,0,1,Employed,27761.186989828995,South East,10,1
6,7,86.84900816928977,0,0,1,Part-time,33109.278638875934,North West,2,1
5,3,74.47034921599693,0,0,0,Employed,19390.183451226007,North West,7,1
6,1,87.07649335404092,0,1,1,Employed,14555.122514750577,South East,6,1
1,8,95.5994055605915,1,1,0,Unemployed,19580.230596178186,South East,2,1
5,6,66.20439371989978,0,1,0,Unemployed,16648.28829958454,South East,5,1
9,7,73.10927134196153,0,0,0,Employed,29742.66092740791,London,7,1
2,9,86.84813270764185,0,0,0,Unemployed,24967.129966320626,South East,8,1
1,5,89.60419729440048,0,0,3,Employed,40043.913825884476,South East,3,1
9,1,92.38080374909651,0,0,0,Employed,30877.480957106098,London,1,1
9,7,86.10889478887768,0,1,0,Unemployed,39510.84909598532,North West,7,1
9,5,89.61512405015809,0,0,1,Employed,13768.997120739074,South East,5,1
6,3,94.03480708540681,0,1,0,Employed,10000.0,West Midlands,5,1
8,9,80.85541898229674,0,0,0,Unemployed,26943.936227483213,South East,7,1
1,1,78.91413913993578,0,1,0,Employed,25985.76192793686,South East,1,1
4,1,83.31493369065132,0,0,0,Unemployed,24017.7166836165,London,8,1
1,1,86.99487942277413,0,0,2,Employed,25766.37380503716,West Midlands,10,1
8,3,78.41726556798682,1,0,0,Employed,16007.790522155134,North West,5,1
1,6,81.06242683526789,0,0,1,Employed,29505.429583075605,North West,8,1
3,3,88.97701770507295,1,0,0,Unemployed,30889.545920818702,West Midlands,10,1
4,8,86.57750781029715,1,1,0,Unemployed,15402.010263975139,South East,10,1
8,2,83.14662877184242,0,0,0,Employed,22170.908633205672,London,5,1
6,9,67.58930689937351,0,0,0,Employed,22665.089206881912,West Midlands,7,1
7,3,84.9649200799146,0,0,0,Part-time,19633.512782717768,West Midlands,10,1
8,5,75.29996032490958,0,0,0,Employed,15711.100878934227,North West,3,1
2,8,94.830827052059,0,1,0,Part-time,25100.039928203398,London,2,1
8,2,81.91278846721492,0,1,2,Employed,27086.444165314388,West Midlands,6,1
3,6,75.0376794377748,0,1,0,Unemployed,20118.54312988564,London,5,1
7,5,84.3845672611995,0,1,0,Employed,16273.69121794834,South East,9,1
3,9,97.70699585092191,1,1,0,Part-time,28284.457960330983,North West,10,1
7,5,91.30815849144619,0,0,1,Unemployed,18861.43619811476,South East,4,1
2,2,87.19917150605934,0,1,0,Employed,22526.355891206353,London,3,1
6,5,71.73904940953143,0,0,0,Employed,21511.38697473424,South East,9,1
3,4,100.0,1,0,0,Unemployed,34965.66931335729,North West,8,1
3,7,78.78372825964097,0,0,0,Unemployed,19228.556287571053,London,6,1
9,6,94.33783912872343,0,1,2,Employed,38804.212632071874,West Midlands,1,1
7,2,81.74637121648585,0,1,1,Employed,31018.415505132056,South East,10,1
5,5,93.37507872483239,0,0,1,Unemployed,39567.18940631482,North West,1,1
7,7,98.06874095875274,0,1,0,Employed,30317.11063663739,West Midlands,6,0
9,7,91.48137269907534,1,1,0,Unemployed,23231.644418382635,North West,3,1
1,5,92.5585495975994,0,0,1,Employed,17661.069366782445,London,3,1
7,9,84.01561013844368,0,0,0,Part-time,22156.708873805812,London,6,0
6,4,80.6603385792719,1,1,0,Part-time,36898.24820178581,South East,3,1
9,3,86.3829868978581,0,0,1,Part-time,24616.489661240917,North West,10,1
1,4,81.60085494230783,0,0,0,Employed,30287.355097240863,North West,6,1
4,5,100.0,1,0,0,Part-time,26655.77076052794,North West,5,1
9,6,75.07641713509486,0,0,0,Employed,26997.289428073927,London,4,1
4,3,95.02085216590409,0,1,0,Employed,27305.277471719317,South East,8,1
3,2,90.17196834539014,0,0,0,Employed,28962.73189465962,North West,2,1
9,4,87.29872208123938,0,1,0,Employed,18487.14007127352,North West,7,1
2,5,99.7988609991384,0,1,0,Part-time,22800.76583275044,West Midlands,4,1
4,4,87.98377452601179,0,1,1,Employed,27474.50666413072,North West,2,1
6,3,78.65093080257584,0,0,0,Unemployed,26307.89778000157,South East,7,1
2,8,87.91730377253408,1,0,1,Unemployed,21310.36317110213,West Midlands,1,1
8,4,83.16821731094771,0,0,1,Unemployed,28332.807318088842,West Midlands,4,1
8,2,90.03284668816649,1,0,0,Employed,18830.869147542246,West Midlands,9,1
1,2,93.13073631629499,0,1,0,Employed,15215.950648509843,London,4,1
3,1,76.4091205763593,0,0,1,Unemployed,27359.88614311315,West Midlands,3,1
9,4,96.95336118002815,0,0,0,Employed,15412.06609983394,North West,10,0
5,9,82.45100155131541,0,0,1,Employed,27240.992019357083,London,10,1
6,7,89.43613922682178,0,1,0,Employed,10000.0,London,2,1
4,7,91.17030170320696,1,1,0,Employed,19200.097286745608,London,3,1
2,7,88.67388690630631,0,0,0,Part-time,22379.384695607077,London,1,1
8,8,83.9089148234743,0,1,0,Employed,12146.918603058715,London,10,0
6,1,80.11402418007336,0,0,0,Employed,22018.621817014617,London,8,1
5,8,82.31005492696659,0,0,0,Employed,34480.15710361929,London,1,1
9,4,100.0,0,1,0,Employed,14837.530184931555,West Midlands,3,0
1,4,76.3413356287094,0,0,2,Employed,22237.014035829194,South East,3,1
5,4,77.80756662037034,0,1,1,Employed,38621.15735497759,North West,2,1
6,6,77.36851176856285,0,0,0,Employed,16505.113095913854,North West,5,1
5,7,86.35753879917665,0,0,1,Unemployed,36177.786813870975,West Midlands,10,1
6,6,69.75294550012194,0,1,0,Employed,22767.957759632296,West Midlands,3,1
6,1,71.46440143865607,0,0,1,Employed,25815.29668706332,London,3,1
7,8,82.39045167040742,1,1,1,Employed,35331.857851275076,South East,8,1
4,7,72.12224554701763,0,1,0,Employed,21119.216485591845,London,4,1
8,6,72.93728690717198,0,0,0,Part-time,30048.20538722788,West Midlands,4,1
7,6,72.1973159063706,0,0,0,Employed,32076.7768538047,London,3,1
9,5,76.53388290866671,0,0,1,Employed,19793.48794206346,North West,1,1
7,6,92.31246506670406,1,0,0,Employed,18908.558663209635,North West,8,1
3,9,94.55707956121083,0,0,0,Part-time,23171.17523480827,London,1,1
3,9,100.0,0,0,0,Employed,23421.477270710086,South East,7,0
8,8,100.0,0,0,0,Unemployed,16368.416167270489,London,5,0
5,9,92.86312709880447,0,0,1,Employed,19867.196010655745,London,4,1
4,8,95.27677674801032,0,1,0,Part-time,10000.0,South East,4,1
8,8,86.31102090685918,0,1,1,Part-time,22325.81853364475,South East,8,1
6,1,90.19864852012269,0,1,0,Employed,32155.153442410538,South East,6,1
2,5,100.0,0,0,1,Employed,11666.486921803606,North West,1,1
4,4,88.7121286805683,0,1,0,Employed,21294.843747651732,London,10,1
4,2,96.53238578545239,1,0,0,Employed,44538.66246274578,West Midlands,8,1
6,8,75.65648391421489,0,1,2,Employed,24819.519669331727,South East,2,1
6,3,78.33761275741773,0,1,0,Employed,35854.35494246376,South East,6,1
1,4,88.12069597794968,0,0,0,Employed,16904.67742647042,London,9,1
8,7,86.49931670063391,1,0,0,Employed,28590.5472461778,West Midlands,1,1
6,9,78.80065812595103,0,1,0,Employed,15542.254159666492,London,6,1
3,2,100.0,1,1,0,Employed,28208.516919554273,London,8,1
9,3,86.72594103914867,0,1,2,Employed,31737.985878078267,South East,10,1
2,4,80.57274947815338,0,0,0,Part-time,29839.806764237408,South East,2,1
8,1,86.5161882736063,0,0,0,Employed,22240.501394147857,North West,5,1
3,7,85.25426702611635,0,0,0,Unemployed,27199.468528143134,West Midlands,6,1
5,2,86.87802547891089,0,1,1,Employed,27275.93548327596,West Midlands,5,1
6,5,69.06282984648968,0,0,0,Employed,30327.91724364122,South East,3,1
6,1,97.91946696566866,0,1,0,Employed,24009.86441434731,South East,4,1
4,3,98.48829420439151,0,0,0,Employed,32449.110401881873,South East,7,1
3,2,99.70320772036486,0,0,0,Unemployed,36476.84319436846,West Midlands,4,1
4,1,88.25431758536298,0,0,0,Unemployed,22457.060426359996,North West,9,1
1,7,91.62481060164515,0,1,0,Employed,25371.517823535683,West Midlands,10,1
4,5,76.3377305199275,0,0,0,Part-time,17761.4817295063,South East,2,1
1,1,93.3289932859739,0,0,1,Employed,27722.058590594144,South East,5,1
1,6,87.51787706893938,0,0,0,Part-time,27773.101822246354,North West,8,1
6,5,80.39593384360758,1,0,0,Part-time,25463.89108026962,London,5,1
5,3,93.6474469164084,0,0,0,Employed,26067.197234410156,London,10,1
4,7,94.03449036091101,0,1,0,Employed,40374.6111125935,West Midlands,8,1
3,9,85.60608835674932,0,0,0,Employed,10000.0,London,8,1
1,9,89.38382580128403,1,0,0,Unemployed,21026.744976324237,London,9,1
6,9,74.6828298806644,0,1,0,Employed,22250.21057526336,West Midlands,10,1
2,2,97.43183437214358,0,1,1,Part-time,36655.30090363441,South East,6,1
8,3,76.01186811965098,1,0,1,Unemployed,28802.310474548645,London,4,1
5,7,77.94574351920824,0,0,0,Employed,28997.48668910525,South East,3,1
7,5,85.62315645430537,0,1,0,Employed,35078.849527225,West Midlands,5,1
2,2,96.14516284218459,0,1,0,Unemployed,23560.346385573754,South East,6,1
8,3,96.13948633215661,0,1,1,Employed,30218.612286625852,South East,3,1
2,6,84.95175378094869,0,0,2,Unemployed,20753.872894773147,West Midlands,2,1
4,7,92.73013362253812,0,0,0,Employed,16573.549393236302,South East,7,0
1,9,68.10941550671103,0,1,0,Employed,39353.33589842391,London,5,1
5,1,77.80680009870447,1,0,2,Employed,27952.25383811304,London,9,1
9,7,78.01049560536399,0,0,1,Unemployed,30157.300758996815,London,3,1
1,8,97.52212909759818,0,1,0,Employed,16358.602521877328,London,8,1
9,3,91.54654162908008,0,0,0,Unemployed,29082.821166895104,South East,6,1
8,4,86.84652775904601,0,0,0,Employed,39225.861974974716,London,4,1
6,6,87.81735063829375,0,0,1,Unemployed,22780.399452924838,South East,9,1
7,7,100.0,0,0,0,Employed,14953.604470571168,North West,5,0
3,4,83.29820333493448,0,0,0,Employed,26471.809549232887,South East,10,1
1,8,71.8593269146596,0,1,0,Unemployed,16712.82475831764,London,6,1
5,5,95.87195184395304,0,0,0,Employed,12537.610428231821,North West,9,0
2,1,86.8183903720506,0,0,0,Employed,19121.874442073717,West Midlands,7,1
5,4,94.53671678165782,0,1,0,Employed,21059.217641791976,South East,5,1
8,3,84.55235192613492,0,0,0,Unemployed,17102.001643592335,London,2,1
9,9,76.61310476296107,0,0,0,Part-time,35611.73425710849,London,4,1
2,8,89.02821721082977,1,1,0,Employed,40116.8800371158,London,2,1
3,1,85.10175070741431,0,1,0,Employed,29944.704129659458,West Midlands,3,1
3,6,86.8494228287441,0,0,0,Unemployed,28073.56393682448,North West,10,1
1,9,100.0,0,1,0,Employed,23863.615098311107,North West,3,1
8,7,74.012975226153,0,0,0,Part-time,17829.33748709549,London,4,1
6,4,87.85918660475983,0,1,0,Employed,37823.28184858908,South East,6,1
8,1,76.81003309841323,1,0,0,Part-time,24497.172023277246,London,3,1
9,2,59.09454026879942,0,1,2,Unemployed,21299.316223468,London,10,1
5,5,84.51034810977777,0,0,0,Unemployed,33118.05299202562,South East,1,1
3,5,85.31022936999807,0,0,1,Unemployed,24411.326480956694,London,1,1
5,8,91.23522102950758,0,0,0,Employed,32818.35394473183,West Midlands,9,0
5,6,82.82459251416056,0,0,1,Employed,21722.01034771565,London,9,1
5,8,70.10999644876028,0,1,0,Employed,33141.095403629384,West Midlands,5,1
3,2,76.77568422745136,0,0,0,Unemployed,32838.13773553091,London,9,1
4,3,98.16958836686703,0,0,0,Unemployed,35598.62737592074,North West,7,1
9,6,76.63372070709369,0,0,0,Part-time,19324.601283252054,South East,9,1
9,3,100.0,0,0,0,Employed,24335.68450896808,North West,7,0
2,6,95.49984292571384,1,1,0,Employed,40582.16063148999,London,9,1
8,6,81.82219395663931,0,1,0,Employed,23028.703367164388,London,2,1
8,2,77.70920836897301,0,0,0,Unemployed,31488.206384259815,West Midlands,8,1
7,7,95.47912969130579,0,1,0,Employed,43324.52014097537,London,7,0
8,2,82.59088754906381,1,1,0,Employed,10207.670433060302,London,6,1
3,6,69.54349860300042,1,0,0,Unemployed,22763.554896227397,London,5,1
6,1,90.62316620623258,0,0,0,Employed,25014.961471135008,North West,4,1
1,3,89.17263447858186,0,1,1,Employed,10608.970725808831,West Midlands,7,1
7,2,96.37706202714779,0,0,0,Employed,21352.230256155657,North West,3,1
1,7,88.49594999360298,0,1,0,Unemployed,17228.94978356747,West Midlands,8,1
9,4,79.50853022954283,0,0,0,Employed,31861.483746806753,North West,2,1
1,8,97.69678839602133,0,0,0,Unemployed,11138.821158979214,London,1,1
1,6,98.66990432678844,0,0,0,Employed,40114.58097584437,North West,2,1
7,4,87.33205963985208,0,0,0,Part-time,30519.17930606356,North West,9,1
2,5,85.60321914532972,0,1,0,Employed,16569.42735818369,West Midlands,5,1
5,9,71.76728976894896,1,0,1,Employed,33211.35563897582,West Midlands,8,1
8,7,78.92473657653524,0,0,0,Unemployed,29775.837388140088,North West,3,1
8,9,92.60769641959354,0,1,0,Unemployed,24689.859001674602,West Midlands,7,0
3,7,79.427196996373,0,0,0,Employed,19228.344939393068,West Midlands,2,1
7,1,70.43162130606677,0,0,0,Unemployed,29381.30625605987,West Midlands,8,1
3,8,100.0,0,1,0,Employed,25983.362925983434,South East,7,0
6,4,70.36594041573312,0,1,0,Part-time,19486.075901878525,West Midlands,5,1
6,3,100.0,1,0,1,Unemployed,14253.959247230614,South East,4,1
3,7,81.9257655540174,0,0,0,Employed,18195.28783330293,South East,1,1
7,3,84.15437000856191,0,0,0,Unemployed,20973.6171549022,West Midlands,5,1
3,8,78.27721727812401,0,0,0,Employed,34299.8982735318,North West,9,1
8,6,92.82837164737892,0,0,0,Employed,31886.07159805793,West Midlands,10,0
4,5,70.60225786889916,0,0,0,Part-time,21399.4597254874,London,4,1
1,4,66.59670963765828,0,0,1,Unemployed,21710.448322460856,North West,9,1
4,8,100.0,0,0,0,Employed,32930.818236413594,South East,2,0
7,8,76.96027601193022,0,0,1,Employed,27138.7739954021,South East,4,1
4,1,92.46088119539684,0,0,0,Employed,27027.318078994398,North West,9,1
6,9,74.14543923103784,0,1,1,Part-time,19372.996756045453,North West,4,1
9,5,92.08421042894582,0,1,0,Employed,24012.649143614835,West Midlands,5,1
1,4,100.0,0,0,0,Employed,25034.093337752704,South East,8,1
5,6,79.72878614584883,0,0,1,Employed,24270.466024210313,London,1,1
7,6,65.6655889321402,0,0,0,Employed,30872.543294846902,West Midlands,1,1
1,2,100.0,1,0,0,Employed,31122.830715328397,North West,9,1
4,8,94.26244321524891,0,0,0,Employed,17648.337322403706,South East,9,0
6,7,80.26428766228692,0,0,0,Employed,20998.283873992983,North West,4,1
2,1,82.82047946731353,1,0,0,Employed,19501.01173423763,North West,2,1
5,5,73.89347803750314,0,1,0,Part-time,36108.20612888171,North West,9,1
1,6,99.2025693244196,0,0,2,Employed,43027.92423812672,West Midlands,4,1
6,4,79.65284392189355,0,0,0,Unemployed,21291.02899890471,London,6,1
6,2,70.81291462452526,0,1,1,Unemployed,23663.23803554494,London,1,1
4,4,87.13645881512471,0,0,0,Unemployed,31738.518649578647,South East,9,1
8,1,76.3998663842146,0,0,1,Part-time,19342.311366162216,North West,5,1
4,7,74.69985424136893,0,0,0,Employed,31919.266620659815,London,3,1
8,2,80.69900796238055,0,0,0,Employed,24833.045895502302,North West,4,1
8,2,85.8635531550037,1,1,0,Employed,11050.082376400296,South East,1,1
5,9,71.18890244085253,0,0,0,Employed,14596.531357026442,North West,9,1
4,5,98.85148925212323,1,0,0,Unemployed,22297.167461993668,London,8,1
2,2,91.77159712065787,0,0,0,Unemployed,34783.58843832677,North West,4,1
3,9,81.34637009227269,0,0,0,Part-time,17859.723212888173,London,2,1
3,9,75.96656513703002,0,1,0,Employed,20727.19518953628,South East,9,1
4,1,84.10774547083335,0,1,0,Part-time,26688.993814260783,North West,4,1
4,3,93.99435040755722,0,0,1,Employed,11649.880351511938,London,9,1
5,4,92.44584027199679,0,0,1,Employed,27388.42624846118,South East,10,1
4,7,95.58504300451177,0,0,0,Employed,12650.079311207184,North West,3,1
8,4,80.19622509019678,1,1,0,Unemployed,29537.473675694288,South East,7,1
6,2,55.75074820803323,0,0,0,Employed,18529.775342100842,London,7,1
6,7,97.47811197916246,0,0,0,Part-time,17463.606878281476,North West,10,0
8,6,83.32803856927649,0,0,0,Part-time,27182.37299625435,North West,4,1
7,3,91.66166065471663,0,0,0,Part-time,31351.924076008527,North West,2,1
8,6,100.0,0,0,0,Employed,28010.078848457495,South East,9,0
2,6,100.0,0,0,0,Part-time,26661.147998802848,South East,4,1
9,5,78.50178521859179,0,0,0,Unemployed,26774.417675337845,London,8,1
1,4,86.33959907165645,1,0,0,Employed,28058.575102093295,West Midlands,2,1
8,1,98.66836460605445,0,0,0,Employed,28584.289568388034,North West,8,0
4,6,76.55720981477005,0,1,0,Employed,21845.751599464376,North West,10,1
4,2,79.17888406209572,0,0,0,Employed,30236.02359024592,London,5,1
5,3,79.11961421541125,0,0,0,Employed,18614.478198550398,North West,7,1
8,8,84.71909686591978,0,0,1,Part-time,33731.146108971,South East,7,1
5,6,82.7987631971003,0,0,0,Employed,31259.54919030786,South East,9,1
8,3,79.06204677743676,1,0,0,Employed,42447.208036677664,North West,3,1
1,7,75.3424258439374,0,1,1,Part-time,29110.787610444557,North West,10,1
9,4,93.11940328395292,0,0,1,Employed,32272.79749238072,South East,4,1
6,9,98.37831020966117,1,1,0,Part-time,12515.693695899168,North West,10,0
3,5,99.82714794172415,0,0,1,Employed,32533.57393844578,South East,4,1
8,3,80.18926442615516,0,0,0,Employed,34411.64817891411,West Midlands,10,1
9,2,93.53724672257277,0,0,1,Employed,37037.77034710761,West Midlands,5,1
6,2,87.36325902727775,0,0,0,Employed,25963.730818731994,North West,6,1
7,3,79.29328651386675,0,1,0,Employed,22264.85299113592,North West,3,1
1,2,92.34218218708196,0,1,1,Unemployed,16283.881797787031,North West,4,1
5,4,78.83394945954502,0,1,1,Employed,17015.712305063687,South East,3,1
5,2,81.23823397218311,0,1,0,Part-time,24795.14660355427,West Midlands,2,1
4,9,71.2327029749637,0,1,1,Employed,10988.496022369345,West Midlands,10,1
6,2,80.35778902566774,0,0,0,Employed,18854.25113534961,London,9,1
7,9,87.53861209014585,0,0,0,Unemployed,25716.17640608521,London,1,1
9,6,100.0,0,0,0,Employed,25537.62762168169,North West,2,0
1,1,81.46504553798313,0,0,0,Unemployed,17244.84997303336,South East,8,1
6,4,74.61830852913066,0,1,1,Part-time,15129.093516330904,North West,7,1
7,1,99.97368970934124,0,0,0,Unemployed,16323.900348911866,West Midlands,1,1
3,6,79.95447562915783,1,0,1,Employed,23233.182729561042,North West,5,1
8,4,67.51618343859136,0,0,0,Employed,42038.37714466613,North West,10,1
5,3,86.33093735136784,0,0,0,Unemployed,33482.71268853817,West Midlands,6,1
9,3,81.75226526720824,0,0,1,Unemployed,26713.55523107393,West Midlands,5,1
5,9,100.0,0,0,0,Employed,29431.126122749618,West Midlands,4,0
9,6,89.75366034347212,0,0,0,Employed,33126.91899104113,West Midlands,1,1
4,9,83.53657646345164,1,0,0,Employed,30404.949207431924,London,7,1
9,5,75.75502790744396,0,0,0,Employed,22534.320212581944,South East,9,1
5,2,88.30166841192967,0,0,0,Employed,18235.29434742769,South East,6,1
9,8,99.56709950061794,0,0,0,Employed,23997.8066341957,West Midlands,3,0
3,5,88.1181418347726,1,0,1,Unemployed,33033.93333529537,South East,10,1
4,2,76.52570307882054,0,0,0,Part-time,22836.87059644607,South East,4,1
9,4,90.38806211751954,1,0,0,Unemployed,16162.594966898801,South East,10,1
6,9,84.51393105127184,0,0,0,Employed,11212.416057805418,South East,5,1
2,4,89.48613103318162,0,0,0,Employed,24031.753906574308,West Midlands,1,1
7,4,81.4519264981578,0,0,0,Part-time,16794.86205969727,North West,5,1
2,2,81.21704725738788,0,0,0,Part-time,21507.87290898986,North West,1,1
2,6,80.8222020256822,0,0,0,Part-time,36649.86023082657,North West,9,1
1,2,94.42238151497361,0,1,0,Unemployed,24569.202310024477,London,7,1
3,7,81.31774724758908,0,0,0,Employed,18996.31380200978,South East,3,1
6,3,80.40269268625772,0,1,0,Unemployed,27470.01024793495,West Midlands,9,1
8,3,75.57934098437633,0,0,0,Employed,40367.637336642,West Midlands,2,1
9,5,89.54013801716768,0,0,0,Employed,24034.430012743793,London,7,0
7,3,88.11701802131219,0,0,0,Unemployed,10000.0,West Midlands,9,1
4,2,80.51231775511368,0,0,0,Employed,30200.612612207835,North West,6,1
6,9,77.9062129244214,0,0,1,Employed,27771.440487414697,London,10,1
5,2,100.0,0,0,0,Employed,25720.978843965808,West Midlands,5,1
8,2,66.19556944875163,0,0,0,Employed,23246.58193071226,London,7,1
1,8,89.93172003201721,0,0,0,Part-time,18541.822600921747,London,6,1
1,9,97.91403548216009,0,0,0,Employed,37119.79379147086,West Midlands,5,0
6,7,51.131862385117,0,0,1,Employed,10293.52532232762,North West,2,1
2,3,92.9414006007618,0,0,2,Employed,22528.311353506084,West Midlands,8,1
5,9,82.79745398503911,0,0,0,Employed,22341.278627313015,South East,7,1
1,3,87.5605486428326,0,1,0,Employed,31827.534419177548,South East,6,1
7,5,81.7676203547791,0,1,0,Unemployed,34885.28516306995,West Midlands,5,1
1,9,95.75393445646077,0,1,1,Employed,23186.129519780057,North West,5,1
4,3,88.63119341671357,0,0,1,Unemployed,26543.726818149495,South East,9,1
9,7,86.31719889534315,0,1,2,Part-time,27223.894515817912,South East,1,1
1,1,76.01139393041407,0,1,0,Unemployed,33426.60991527667,West Midlands,9,1
4,4,100.0,0,0,0,Employed,33261.84357890452,West Midlands,6,1
6,4,85.09931019733271,0,0,2,Employed,20692.69164400855,West Midlands,4,1
6,7,100.0,0,1,0,Part-time,28503.211211490485,London,10,0
8,8,100.0,1,0,0,Employed,28066.014339782912,London,7,0
1,1,67.2164903273462,0,0,1,Unemployed,24072.72042520105,London,9,1
7,5,78.45054039197309,0,0,1,Part-time,27990.253872257275,West Midlands,5,1
1,7,74.63048994025058,0,0,0,Part-time,25161.5020950098,North West,5,1
7,4,84.51793918512938,0,1,0,Part-time,26263.12479291589,South East,8,1
3,4,86.87164020486162,0,0,0,Employed,14151.949506300009,London,7,1
8,4,87.2992646789343,0,0,0,Employed,17656.309023450965,North West,8,1
3,6,95.54128676018979,0,0,0,Part-time,31542.04407658553,West Midlands,10,0
1,7,99.9358276930887,0,0,0,Employed,15315.29698544705,London,2,1
8,2,94.67487749238639,1,0,0,Employed,28760.873673565548,West Midlands,9,1
3,5,79.39064785776253,0,0,0,Unemployed,24348.59215179639,North West,3,1
2,4,77.17976134892561,0,1,1,Employed,33245.23783463865,London,6,1
1,3,85.02761835883936,0,0,0,Part-time,30190.404336773485,London,6,1
3,7,89.26119526404662,0,0,1,Unemployed,21373.766636345317,London,2,1
2,6,83.16808654282877,0,0,0,Employed,23214.0132170276,London,7,1
2,7,71.54515163747777,0,0,0,Part-time,10000.0,North West,9,1
6,5,91.820595085768,0,1,0,Unemployed,23956.81507845817,London,10,1
1,6,81.07685231266096,0,1,0,Unemployed,14838.810059166477,South East,1,1
2,5,80.77487265577957,0,1,0,Employed,23250.34913593155,South East,8,1
6,7,84.45387325941907,0,0,0,Employed,19896.654128353042,West Midlands,2,1
3,2,82.60101082919839,0,0,0,Unemployed,17986.966384884152,London,1,1
4,5,81.33498944487899,1,0,0,Employed,34501.79609696171,South East,8,1
1,6,72.19874693066811,0,0,0,Employed,14790.31282394357,South East,2,1
8,6,83.87752533048341,0,1,0,Unemployed,17295.479092705238,South East,6,1
7,5,92.02953791906867,0,1,0,Employed,19414.31165287936,North West,6,1
7,7,87.64644005121289,0,1,0,Employed,21151.05552903527,London,5,1
3,8,94.48121439100645,0,1,0,Employed,17985.771908227645,North West,8,1
3,7,77.71454977679993,0,1,0,Employed,22126.81206154966,North West,3,1
2,5,72.21941520882199,1,0,2,Unemployed,27417.234534550917,South East,10,1
1,1,82.54150021022004,0,0,0,Employed,30358.870064231727,South East,4,1
7,5,78.85763381451304,0,0,0,Employed,29970.46365928202,West Midlands,7,1
7,2,79.89665016792252,0,0,0,Unemployed,10000.0,London,7,1
2,5,87.11749718081127,0,0,0,Part-time,28041.567148091497,London,8,1
7,5,79.96919460895344,0,0,0,Unemployed,28535.18794170501,South East,2,1
8,2,72.49931510793606,0,1,0,Employed,19700.806850310593,South East,2,1
1,5,79.41005272118002,0,0,0,Employed,38341.47365045711,London,4,1
9,4,88.40059366860801,0,1,0,Part-time,33701.3298545167,West Midlands,10,1
7,1,91.71480601006917,0,1,0,Employed,23535.804934871645,South East,9,1
3,3,91.61422784083346,1,0,0,Unemployed,20232.25355785414,West Midlands,10,1
